country,city,s1_scene_file,s2_scene_file,s1_datetime_utc,s2_datetime_utc,pair_gap_days,orbit,polarizations,s1_product_id,s2_product_id
Italy,Bari,Italy_Bari_S1_2023-03-13_2023-03-13_05_04_14_DESCENDING_VVplusVH_BuiltUpMain.tif,Italy_Bari_S2_2023-03-13_2023-03-13_09_59_18_RGB_BuiltUpMain.tif,2023-03-13 05:04:14,2023-03-13 09:59:18,0.2049,DESCENDING,VV+VH,S1A_IW_GRDH_1SDV_20230313T050414_20230313T050439_047621_05B824_F921,20230313T095039_20230313T095034_T33TXF
Italy,Bologna,Italy_Bologna_S1_2023-02-03_2023-02-03_05_19_44_DESCENDING_VVplusVH_BuiltUpMain.tif,Italy_Bologna_S2_2023-02-02_2023-02-02_10_18_27_RGB_BuiltUpMain.tif,2023-02-03 05:19:44,2023-02-02 10:18:27,0.7926,DESCENDING,VV+VH,S1A_IW_GRDH_1SDV_20230203T051944_20230203T052009_047067_05A563_0D3E,20230202T101231_20230202T101232_T32TPQ
Italy,Brescia,Italy_Brescia_S1_2023-02-20_2023-02-20_05_27_27_DESCENDING_VVplusVH_BuiltUpMain.tif,Italy_Brescia_S2_2023-02-12_2023-02-12_10_18_14_RGB_BuiltUpMain.tif,2023-02-20 05:27:27,2023-02-12 10:18:14,7.7981,DESCENDING,VV+VH,S1A_IW_GRDH_1SDV_20230220T052727_20230220T052752_047315_05ADC6_9AD9,20230212T101131_20230212T101131_T32TNR;20230212T101131_20230212T101131_T32TPR
Italy,Cagliari,Italy_Cagliari_S1_2023-03-28_2023-03-28_05_29_07_DESCENDING_VVplusVH_BuiltUpMain.tif,Italy_Cagliari_S2_2023-03-29_2023-03-29_10_20_02_RGB_BuiltUpMain.tif,2023-03-28 05:29:07,2023-03-29 10:20:02,1.202,DESCENDING,VV+VH,S1A_IW_GRDH_1SDV_20230328T052907_20230328T052932_047840_05BF83_CA53,20230329T100629_20230329T101232_T32SNJ
Italy,Catania,Italy_Catania_S1_2023-02-17_2023-02-17_05_05_04_DESCENDING_VVplusVH_BuiltUpMain.tif,Italy_Catania_S2_2023-02-21_2023-02-21_10_00_15_RGB_BuiltUpMain.tif,2023-02-17 05:05:04,2023-02-21 10:00:15,4.205,DESCENDING,VV+VH,S1A_IW_GRDH_1SDV_20230217T050504_20230217T050529_047271_05AC47_7624,20230221T095029_20230221T095655_T33SWB
Italy,Florence,Italy_Florence_S1_2023-02-15_2023-02-15_05_19_43_DESCENDING_VVplusVH_BuiltUpMain.tif,Italy_Florence_S2_2023-02-12_2023-02-12_10_18_40_RGB_BuiltUpMain.tif,2023-02-15 05:19:43,2023-02-12 10:18:40,2.7924,DESCENDING,VV+VH,S1A_IW_GRDH_1SDV_20230215T051943_20230215T052008_047242_05AB3E_CB06,20230212T101131_20230212T101131_T32TPP
Italy,Foggia,Italy_Foggia_S1_2023-03-13_2023-03-13_05_03_49_DESCENDING_VVplusVH_BuiltUpMain.tif,Italy_Foggia_S2_2023-03-18_2023-03-18_09_59_16_RGB_BuiltUpMain.tif,2023-03-13 05:03:49,2023-03-18 09:59:16,5.2052,DESCENDING,VV+VH,S1A_IW_GRDH_1SDV_20230313T050349_20230313T050414_047621_05B824_533B,20230318T095031_20230318T095031_T33TWF
Italy,Genoa,Italy_Genoa_S1_2023-02-13_2023-02-13_05_36_05_DESCENDING_VVplusVH_BuiltUpMain.tif,Italy_Genoa_S2_2023-02-15_2023-02-15_10_28_33_RGB_BuiltUpMain.tif,2023-02-13 05:36:05,2023-02-15 10:28:33,2.2031,DESCENDING,VV+VH,S1A_IW_GRDH_1SDV_20230213T053605_20230213T053630_047213_05AA42_EEEE,20230215T102121_20230215T102824_T32TMQ
Italy,Livorno,Italy_Livorno_S1_2023-02-15_2023-02-15_05_20_08_DESCENDING_VVplusVH_BuiltUpMain.tif,Italy_Livorno_S2_2023-02-12_2023-02-12_10_18_40_RGB_BuiltUpMain.tif,2023-02-15 05:20:08,2023-02-12 10:18:40,2.7927,DESCENDING,VV+VH,S1A_IW_GRDH_1SDV_20230215T052008_20230215T052033_047242_05AB3E_160B,20230212T101131_20230212T101131_T32TPP
Italy,Messina,Italy_Messina_S1_2023-02-17_2023-02-17_05_05_04_DESCENDING_VVplusVH_BuiltUpMain.tif,Italy_Messina_S2_2023-03-18_2023-03-18_09_59_59_RGB_BuiltUpMain.tif,2023-02-17 05:05:04,2023-03-18 09:59:59,29.2048,DESCENDING,VV+VH,S1A_IW_GRDH_1SDV_20230217T050504_20230217T050529_047271_05AC47_7624,20230318T095031_20230318T095031_T33SWC
Italy,Milan,Italy_Milan_S1_2023-02-13_2023-02-13_05_35_40_DESCENDING_VVplusVH_BuiltUpMain.tif,Italy_Milan_S2_2023-02-15_2023-02-15_10_28_11_RGB_BuiltUpMain.tif,2023-02-13 05:35:40,2023-02-15 10:28:11,2.2031,DESCENDING,VV+VH,S1A_IW_GRDH_1SDV_20230213T053540_20230213T053605_047213_05AA42_D337,20230215T102121_20230215T102115_T32TNR
Italy,Modena,Italy_Modena_S1_2023-02-15_2023-02-15_05_19_43_DESCENDING_VVplusVH_BuiltUpMain.tif,Italy_Modena_S2_2023-02-12_2023-02-12_10_18_26_RGB_BuiltUpMain.tif,2023-02-15 05:19:43,2023-02-12 10:18:26,2.7926,DESCENDING,VV+VH,S1A_IW_GRDH_1SDV_20230215T051943_20230215T052008_047242_05AB3E_CB06,20230212T101131_20230212T101131_T32TPQ
Italy,Naples,Italy_Naples_S1_2023-03-18_2023-03-18_05_12_21_DESCENDING_VVplusVH_BuiltUpMain.tif,Italy_Naples_S2_2023-03-18_2023-03-18_09_59_20_RGB_BuiltUpMain.tif,2023-03-18 05:12:21,2023-03-18 09:59:20,0.1993,DESCENDING,VV+VH,S1A_IW_GRDH_1SDV_20230318T051221_20230318T051246_047694_05BAA7_A0A4,20230318T095031_20230318T095031_T33TVF
Italy,Padua,Italy_Padua_S1_2023-02-15_2023-02-15_05_19_18_DESCENDING_VVplusVH_BuiltUpMain.tif,Italy_Padua_S2_2023-02-12_2023-02-12_10_18_08_RGB_BuiltUpMain.tif,2023-02-15 05:19:18,2023-02-12 10:18:08,2.7925,DESCENDING,VV+VH,S1A_IW_GRDH_1SDV_20230215T051918_20230215T051943_047242_05AB3E_A7C7,20230212T101131_20230212T101131_T32TQR
Italy,Palermo,Italy_Palermo_S1_2023-03-18_2023-03-18_05_13_11_DESCENDING_VVplusVH_BuiltUpMain.tif,Italy_Palermo_S2_2023-03-18_2023-03-18_10_00_07_RGB_BuiltUpMain.tif,2023-03-18 05:13:11,2023-03-18 10:00:07,0.1993,DESCENDING,VV+VH,S1A_IW_GRDH_1SDV_20230318T051311_20230318T051336_047694_05BAA7_8E45,20230318T095031_20230318T095031_T33SUC
Italy,Parma,Italy_Parma_S1_2023-02-20_2023-02-20_05_27_52_DESCENDING_VVplusVH_BuiltUpMain.tif,Italy_Parma_S2_2023-02-15_2023-02-15_10_28_24_RGB_BuiltUpMain.tif,2023-02-20 05:27:52,2023-02-15 10:28:24,4.7913,DESCENDING,VV+VH,S1A_IW_GRDH_1SDV_20230220T052752_20230220T052817_047315_05ADC6_7CA8,20230215T102121_20230215T102115_T32TNQ
Italy,Pavia,Italy_Pavia_S1_2023-02-13_2023-02-13_05_35_40_DESCENDING_VVplusVH_BuiltUpMain.tif,Italy_Pavia_S2_2023-02-15_2023-02-15_10_28_14_RGB_BuiltUpMain.tif,2023-02-13 05:35:40,2023-02-15 10:28:14,2.2032,DESCENDING,VV+VH,S1A_IW_GRDH_1SDV_20230213T053540_20230213T053605_047213_05AA42_D337,20230215T102121_20230215T102115_T32TMR
Italy,Perugia,Italy_Perugia_S1_2023-02-15_2023-02-15_05_20_08_DESCENDING_VVplusVH_BuiltUpMain.tif,Italy_Perugia_S2_2023-02-14_2023-02-14_10_08_55_RGB_BuiltUpMain.tif,2023-02-15 05:20:08,2023-02-14 10:08:55,0.7995,DESCENDING,VV+VH,S1A_IW_GRDH_1SDV_20230215T052008_20230215T052033_047242_05AB3E_160B,20230214T100029_20230214T100452_T32TQN
Italy,Prato,Italy_Prato_S1_2023-02-15_2023-02-15_05_19_43_DESCENDING_VVplusVH_BuiltUpMain.tif,Italy_Prato_S2_2023-02-12_2023-02-12_10_18_40_RGB_BuiltUpMain.tif,2023-02-15 05:19:43,2023-02-12 10:18:40,2.7924,DESCENDING,VV+VH,S1A_IW_GRDH_1SDV_20230215T051943_20230215T052008_047242_05AB3E_CB06,20230212T101131_20230212T101131_T32TPP
Italy,Ravenna,Italy_Ravenna_S1_2023-01-10_2023-01-10_05_19_44_DESCENDING_VVplusVH_BuiltUpMain.tif,Italy_Ravenna_S2_2023-02-07_2023-02-07_10_18_23_RGB_BuiltUpMain.tif,2023-01-10 05:19:44,2023-02-07 10:18:23,28.2074,DESCENDING,VV+VH,S1A_IW_GRDH_1SDV_20230110T051944_20230110T052009_046717_0599A6_E28E,20230207T101109_20230207T101742_T32TQQ
Italy,Reggio Calabria,Italy_Reggio_Calabria_S1_2023-03-20_2023-03-20_04_56_27_DESCENDING_VVplusVH_BuiltUpMain.tif,Italy_Reggio_Calabria_S2_Top2_2023-03-08_09_59_56_cloud005_gap11_RGB_BuiltUpMain.tif,2023-03-20 04:56:27,2023-03-08 09:59:56,11.7892,DESCENDING,VV+VH,S1A_IW_GRDH_1SDV_20230320T045627_20230320T045652_047723_05BB89_A741,20230308T095031_20230308T095141_T33SWC
Italy,Reggio Emilia,Italy_Reggio_Emilia_S1_2023-03-28_2023-03-28_05_27_52_DESCENDING_VVplusVH_BuiltUpMain.tif,Italy_Reggio_Emilia_S2_2023-02-15_2023-02-15_10_28_21_RGB_BuiltUpMain.tif,2023-03-28 05:27:52,2023-02-15 10:28:21,40.7913,DESCENDING,VV+VH,S1A_IW_GRDH_1SDV_20230328T052752_20230328T052817_047840_05BF83_4E09,20230215T102121_20230215T102115_T32TPQ
Italy,Rimini,Italy_Rimini_S1_2023-02-15_2023-02-15_05_19_43_DESCENDING_VVplusVH_BuiltUpMain.tif,Italy_Rimini_S2_2023-02-14_2023-02-14_10_08_41_RGB_BuiltUpMain.tif,2023-02-15 05:19:43,2023-02-14 10:08:41,0.7993,DESCENDING,VV+VH,S1A_IW_GRDH_1SDV_20230215T051943_20230215T052008_047242_05AB3E_CB06,20230214T100029_20230214T100452_T32TQP
Italy,Salerno,Italy_Salerno_S1_2023-03-25_2023-03-25_05_04_14_DESCENDING_VVplusVH_BuiltUpMain.tif,Italy_Salerno_S2_Top1_2023-03-13_09_59_26_cloud077_gap18_RGB_BuiltUpMain.tif,2023-03-25 05:04:14,2023-03-13 09:59:26,11.795,DESCENDING,VV+VH,S1A_IW_GRDH_1SDV_20230325T050414_20230325T050439_047796_05BE09_6C96,20230313T095039_20230313T095034_T33TVE;20230313T095039_20230313T095034_T33TVF;20230313T095039_20230313T095034_T33TWE;20230313T095039_20230313T095034_T33TWF
Italy,Taranto,Italy_Taranto_S1_2023-01-19_2023-01-19_04_56_03_DESCENDING_VVplusVH_BuiltUpMain.tif,Italy_Taranto_S2_Top3_2023-02-18_09_49_31_cloud219_gap24_RGB_BuiltUpMain.tif,2023-01-19 04:56:03,2023-02-18 09:49:31,30.2038,DESCENDING,VV+VH,S1A_IW_GRDH_1SDV_20230119T045603_20230119T045628_046848_059E01_E2B4,20230218T094029_20230218T094847_T33TXE;20230218T094029_20230218T094847_T33TXF
Italy,Trieste,Italy_Trieste_S1_2023-02-15_2023-02-15_05_19_18_DESCENDING_VVplusVH_BuiltUpMain.tif,Italy_Trieste_S2_2023-02-14_2023-02-14_10_08_05_RGB_BuiltUpMain.tif,2023-02-15 05:19:18,2023-02-14 10:08:05,0.7995,DESCENDING,VV+VH,S1A_IW_GRDH_1SDV_20230215T051918_20230215T051943_047242_05AB3E_A7C7,20230214T100029_20230214T100452_T33TVL
Italy,Turin,Italy_Turin_S1_2023-02-13_2023-02-13_05_36_05_DESCENDING_VVplusVH_BuiltUpMain.tif,Italy_Turin_S2_2023-02-13_2023-02-13_10_38_31_RGB_BuiltUpMain.tif,2023-02-13 05:36:05,2023-02-13 10:38:31,0.21,DESCENDING,VV+VH,S1A_IW_GRDH_1SDV_20230213T053605_20230213T053630_047213_05AA42_EEEE,20230213T103039_20230213T103136_T32TLQ
Italy,Venice,Italy_Venice_S1_2023-02-15_2023-02-15_05_19_18_DESCENDING_VVplusVH_BuiltUpMain.tif,Italy_Venice_S2_2023-02-12_2023-02-12_10_18_08_RGB_BuiltUpMain.tif,2023-02-15 05:19:18,2023-02-12 10:18:08,2.7925,DESCENDING,VV+VH,S1A_IW_GRDH_1SDV_20230215T051918_20230215T051943_047242_05AB3E_A7C7,20230212T101131_20230212T101131_T32TQR
Italy,Verona,Italy_Verona_S1_2023-02-15_2023-02-15_05_19_18_DESCENDING_VVplusVH_BuiltUpMain.tif,Italy_Verona_S2_2023-02-15_2023-02-15_10_28_07_RGB_BuiltUpMain.tif,2023-02-15 05:19:18,2023-02-15 10:28:07,0.2145,DESCENDING,VV+VH,S1A_IW_GRDH_1SDV_20230215T051918_20230215T051943_047242_05AB3E_A7C7,20230215T102121_20230215T102115_T32TPR
Poland,Bialystok,Poland_Bialystok_S1_2023-03-15_2023-03-15_04_44_10_DESCENDING_VVplusVH_BuiltUpMain.tif,Poland_Bialystok_S2_Top2_2023-02-28_09_45_53_cloud394_gap18_RGB_BuiltUpMain.tif,2023-03-15 04:44:10,2023-02-28 09:45:53,14.7905,DESCENDING,VV+VH,S1A_IW_GRDH_1SDV_20230315T044410_20230315T044435_047650_05B911_E26E,20230228T094029_20230228T094031_T34UFD;20230228T094029_20230228T094031_T34UFE
Poland,Bielsko-Biala,Poland_Bielsko-Biala_S1_2023-01-12_2023-01-12_05_01_47_DESCENDING_VVplusVH_BuiltUpMain.tif,Poland_Bielsko-Biala_S2_2023-01-12_2023-01-12_09_56_42_RGB_BuiltUpMain.tif,2023-01-12 05:01:47,2023-01-12 09:56:42,0.2048,DESCENDING,VV+VH,S1A_IW_GRDH_1SDV_20230112T050147_20230112T050212_046746_059A9E_3EF6,20230112T095249_20230112T095252_T33UYR
Poland,Bytom,Poland_Bytom_S1_2022-12-31_2022-12-31_05_01_21_DESCENDING_VVplusVH_BuiltUpMain.tif,Poland_Bytom_S2_Top2_2023-02-06_09_56_45_cloud083_gap34_RGB_BuiltUpMain.tif,2022-12-31 05:01:21,2023-02-06 09:56:45,37.2051,DESCENDING,VV+VH,S1A_IW_GRDH_1SDV_20221231T050121_20221231T050146_046571_0594BA_E58C,20230206T095201_20230206T095356_T33UYR;20230206T095201_20230206T095356_T34UCA
Poland,Czestochowa,Poland_Czestochowa_S1_2023-01-12_2023-01-12_05_01_22_DESCENDING_VVplusVH_BuiltUpMain.tif,Poland_Czestochowa_S2_2023-01-12_2023-01-12_09_56_27_RGB_BuiltUpMain.tif,2023-01-12 05:01:22,2023-01-12 09:56:27,0.2049,DESCENDING,VV+VH,S1A_IW_GRDH_1SDV_20230112T050122_20230112T050147_046746_059A9E_B9CE,20230112T095249_20230112T095252_T33UYS
Poland,Elblag,Poland_Elblag_S1_2022-12-19_2022-12-19_05_00_31_DESCENDING_VVplusVH_BuiltUpMain.tif,Poland_Elblag_S2_2022-12-18_2022-12-18_09_55_32_RGB_BuiltUpMain.tif,2022-12-19 05:00:31,2022-12-18 09:55:32,0.7951,DESCENDING,VV+VH,S1A_IW_GRDH_1SDV_20221219T050031_20221219T050056_046396_058ED5_D5D5,20221218T095421_20221218T095420_T34UCF
Poland,Gdansk,Poland_Gdansk_S1_2022-12-19_2022-12-19_05_00_31_DESCENDING_VVplusVH_BuiltUpMain.tif,Poland_Gdansk_S2_Top2_2023-02-09_10_05_29_cloud246_gap54_RGB_BuiltUpMain.tif,2022-12-19 05:00:31,2023-02-09 10:05:29,52.2118,DESCENDING,VV+VH,S1A_IW_GRDH_1SDV_20221219T050031_20221219T050056_046396_058ED5_D5D5,20230209T100151_20230209T100209_T34UCF
Poland,Gdynia,Poland_Gdynia_S1_2022-12-19_2022-12-19_05_00_31_DESCENDING_VVplusVH_BuiltUpMain.tif,Poland_Gdynia_S2_2022-12-18_2022-12-18_09_55_32_RGB_BuiltUpMain.tif,2022-12-19 05:00:31,2022-12-18 09:55:32,0.7951,DESCENDING,VV+VH,S1A_IW_GRDH_1SDV_20221219T050031_20221219T050056_046396_058ED5_D5D5,20221218T095421_20221218T095420_T34UCF
Poland,Gliwice,Poland_Gliwice_S1_2023-01-07_2023-01-07_04_53_34_DESCENDING_VVplusVH_BuiltUpMain.tif,Poland_Gliwice_S2_2023-01-07_2023-01-07_09_56_45_RGB_BuiltUpMain.tif,2023-01-07 04:53:34,2023-01-07 09:56:45,0.2105,DESCENDING,VV+VH,S1A_IW_GRDH_1SDV_20230107T045334_20230107T045359_046673_059818_4624,20230107T095401_20230107T095402_T33UYR
Poland,Gorzow Wielkopolski,Poland_Gorzow_Wielkopolski_S1_2023-03-18_2023-03-18_05_09_01_DESCENDING_VVplusVH_BuiltUpMain.tif,Poland_Gorzow_Wielkopolski_S2_Top2_2023-03-01_10_06_04_cloud441_gap13_RGB_BuiltUpMain.tif,2023-03-18 05:09:01,2023-03-01 10:06:04,16.7937,DESCENDING,VV+VH,S1A_IW_GRDH_1SDV_20230318T050901_20230318T050926_047694_05BAA7_40AB,20230301T100021_20230301T100024_T33UWU
Poland,Kielce,Poland_Kielce_S1_2023-03-03_2023-03-03_04_45_00_DESCENDING_VVplusVH_BuiltUpMain.tif,Poland_Kielce_S2_Top1_2023-03-23_09_56_28_cloud162_gap24_RGB_BuiltUpMain.tif,2023-03-03 04:45:00,2023-03-23 09:56:28,20.2163,DESCENDING,VV+VH,S1A_IW_GRDH_1SDV_20230303T044500_20230303T044525_047475_05B322_8339,20230323T095029_20230323T095031_T34UDB
Poland,Lublin,Poland_Lublin_S1_2023-02-07_2023-02-07_04_45_00_DESCENDING_VVplusVH_BuiltUpMain.tif,Poland_Lublin_S2_2023-02-08_2023-02-08_09_46_19_RGB_BuiltUpMain.tif,2023-02-07 04:45:00,2023-02-08 09:46:19,1.2092,DESCENDING,VV+VH,S1A_IW_GRDH_1SDV_20230207T044500_20230207T044525_047125_05A751_1D69,20230208T094049_20230208T094047_T34UFB
Poland,Opole,Poland_Opole_S1_2023-03-01_2023-03-01_05_01_19_DESCENDING_VVplusVH_BuiltUpMain.tif,Poland_Opole_S2_2023-03-01_2023-03-01_10_06_25_RGB_BuiltUpMain.tif,2023-03-01 05:01:19,2023-03-01 10:06:25,0.2119,DESCENDING,VV+VH,S1A_IW_GRDH_1SDV_20230301T050119_20230301T050144_047446_05B236_6A57,20230301T100021_20230301T100024_T33UYS
Poland,Plock,Poland_Plock_S1_2023-03-08_2023-03-08_04_52_42_DESCENDING_VVplusVH_BuiltUpMain.tif,Poland_Plock_S2_Top2_2023-01-12_09_55_53_cloud696_gap58_RGB_BuiltUpMain.tif,2023-03-08 04:52:42,2023-01-12 09:55:53,54.7895,DESCENDING,VV+VH,S1A_IW_GRDH_1SDV_20230308T045242_20230308T045307_047548_05B59F_A758,20230112T095249_20230112T095252_T34UCD;20230112T095249_20230112T095252_T34UDD
Poland,Poznan,Poland_Poznan_S1_2022-12-12_2022-12-12_05_09_13_DESCENDING_VVplusVH_BuiltUpMain.tif,Poland_Poznan_S2_2022-12-14_2022-12-14_10_15_59_RGB_BuiltUpMain.tif,2022-12-12 05:09:13,2022-12-14 10:15:59,2.213,DESCENDING,VV+VH,S1A_IW_GRDH_1SDV_20221212T050913_20221212T050938_046294_058B50_C633,20221214T101431_20221214T101426_T33UXU
Poland,Radom,Poland_Radom_S1_2023-03-03_2023-03-03_04_45_00_DESCENDING_VVplusVH_BuiltUpMain.tif,Poland_Radom_S2_Top3_2023-01-04_09_46_24_cloud723_gap54_RGB_BuiltUpMain.tif,2023-03-03 04:45:00,2023-01-04 09:46:24,57.7907,DESCENDING,VV+VH,S1A_IW_GRDH_1SDV_20230303T044500_20230303T044525_047475_05B322_8339,20230104T094411_20230104T094406_T34UDB;20230104T094411_20230104T094406_T34UDC;20230104T094411_20230104T094406_T34UEB;20230104T094411_20230104T094406_T34UEC
Poland,Rybnik,Poland_Rybnik_S1_2023-01-07_2023-01-07_04_53_34_DESCENDING_VVplusVH_BuiltUpMain.tif,Poland_Rybnik_S2_Top6_2023-01-07_09_56_45_cloud483_gap4_RGB_BuiltUpMain.tif,2023-01-07 04:53:34,2023-01-07 09:56:45,0.2105,DESCENDING,VV+VH,S1A_IW_GRDH_1SDV_20230107T045334_20230107T045359_046673_059818_4624,20230107T095401_20230107T095402_T33UYR
Poland,Rzeszow,Poland_Rzeszow_S1_2023-03-03_2023-03-03_04_45_00_DESCENDING_VVplusVH_BuiltUpMain.tif,Poland_Rzeszow_S2_2023-03-17_2023-03-17_09_36_46_RGB_BuiltUpMain.tif,2023-03-03 04:45:00,2023-03-17 09:36:46,14.2026,DESCENDING,VV+VH,S1A_IW_GRDH_1SDV_20230303T044500_20230303T044525_047475_05B322_8339,20230317T093039_20230317T093038_T34UEA
Poland,Szczecin,Poland_Szczecin_S1_2023-03-23_2023-03-23_05_17_13_DESCENDING_VVplusVH_BuiltUpMain.tif,Poland_Szczecin_S2_Top2_2023-01-16_10_25_47_cloud218_gap69_RGB_BuiltUpMain.tif,2023-03-23 05:17:13,2023-01-16 10:25:47,65.7857,DESCENDING,VV+VH,S1A_IW_GRDH_1SDV_20230323T051713_20230323T051738_047767_05BD0A_372D,20230116T102351_20230116T102349_T33UVV
Poland,Warsaw,Poland_Warsaw_S1_2023-03-03_2023-03-03_04_44_35_DESCENDING_VVplusVH_BuiltUpMain.tif,Poland_Warsaw_S2_Top1_2023-02-28_09_46_15_cloud243_gap1_RGB_BuiltUpMain.tif,2023-03-03 04:44:35,2023-02-28 09:46:15,2.7905,DESCENDING,VV+VH,S1A_IW_GRDH_1SDV_20230303T044435_20230303T044500_047475_05B322_E8D2,20230228T094029_20230228T094559_T34UDD
Poland,Wroclaw,Poland_Wroclaw_S1_2023-03-01_2023-03-01_05_01_19_DESCENDING_VVplusVH_BuiltUpMain.tif,Poland_Wroclaw_S2_Top2_2023-02-09_10_06_31_cloud112_gap23_RGB_BuiltUpMain.tif,2023-03-01 05:01:19,2023-02-09 10:06:31,19.7881,DESCENDING,VV+VH,S1A_IW_GRDH_1SDV_20230301T050119_20230301T050144_047446_05B236_6A57,20230209T100151_20230209T100209_T33UXS
Poland,Zielona Gora,Poland_Zielona_Gora_S1_2023-03-18_2023-03-18_05_09_26_DESCENDING_VVplusVH_BuiltUpMain.tif,Poland_Zielona_Gora_S2_Top3_2023-02-09_10_06_20_cloud274_gap33_RGB_BuiltUpMain.tif,2023-03-18 05:09:26,2023-02-09 10:06:20,36.7938,DESCENDING,VV+VH,S1A_IW_GRDH_1SDV_20230318T050926_20230318T050951_047694_05BAA7_0595,20230209T100151_20230209T100209_T33UWT
Turkiye,Adana,Turkiye_Adana_S1_2023-02-15_2023-02-15_03_42_47_DESCENDING_VVplusVH_BuiltUpMain.tif,Turkiye_Adana_S2_2023-02-17_2023-02-17_08_39_38_RGB_BuiltUpMain.tif,2023-02-15 03:42:47,2023-02-17 08:39:38,2.2061,DESCENDING,VV+VH,S1A_IW_GRDH_1SDV_20230215T034247_20230215T034312_047241_05AB34_CB4B,20230217T082919_20230217T083630_T37SBB
Turkiye,Ankara,Turkiye_Ankara_S1_2023-01-20_2023-01-20_03_58_36_DESCENDING_VVplusVH_BuiltUpMain.tif,Turkiye_Ankara_S2_2023-01-21_2023-01-21_08_49_03_RGB_BuiltUpMain.tif,2023-01-20 03:58:36,2023-01-21 08:49:03,1.2017,DESCENDING,VV+VH,S1A_IW_GRDH_1SDV_20230120T035836_20230120T035901_046862_059E7E_1A1A,20230121T084159_20230121T084309_T36TVK
Turkiye,Antalya,Turkiye_Antalya_S1_2022-12-27_2022-12-27_03_59_27_DESCENDING_VVplusVH_BuiltUpMain.tif,Turkiye_Antalya_S2_2022-12-27_2022-12-27_08_50_10_RGB_BuiltUpMain.tif,2022-12-27 03:59:27,2022-12-27 08:50:10,0.2019,DESCENDING,VV+VH,S1A_IW_GRDH_1SDV_20221227T035927_20221227T035952_046512_0592B6_C36B,20221227T084351_20221227T084350_T36STF
Turkiye,Aydin,Turkiye_Aydin_S1_2023-03-19_2023-03-19_04_15_41_DESCENDING_VVplusVH_BuiltUpMain.tif,Turkiye_Aydin_S2_2023-03-20_2023-03-20_08_59_59_RGB_BuiltUpMain.tif,2023-03-19 04:15:41,2023-03-20 08:59:59,1.1974,DESCENDING,VV+VH,S1A_IW_GRDH_1SDV_20230319T041541_20230319T041606_047708_05BB15_4BA4,20230320T084651_20230320T085613_T35SNB
Turkiye,Balikesir,Turkiye_Balikesir_S1_2023-02-11_2023-02-11_04_15_17_DESCENDING_VVplusVH_BuiltUpMain.tif,Turkiye_Balikesir_S2_2023-02-16_2023-02-16_09_09_26_RGB_BuiltUpMain.tif,2023-02-11 04:15:17,2023-02-16 09:09:26,5.2043,DESCENDING,VV+VH,S1A_IW_GRDH_1SDV_20230211T041517_20230211T041542_047183_05A946_2C28,20230216T085939_20230216T090814_T35SND
Turkiye,Bursa,Turkiye_Bursa_S1_2023-01-01_2023-01-01_04_06_46_DESCENDING_VVplusVH_BuiltUpMain.tif,Turkiye_Bursa_S2_2023-01-09_2023-01-09_08_59_12_RGB_BuiltUpMain.tif,2023-01-01 04:06:46,2023-01-09 08:59:12,8.2031,DESCENDING,VV+VH,S1A_IW_GRDH_1SDV_20230101T040646_20230101T040711_046585_059533_EA58,20230109T085331_20230109T085732_T35TPE
Turkiye,Denizli,Turkiye_Denizli_S1_2023-03-26_2023-03-26_04_07_34_DESCENDING_VVplusVH_BuiltUpMain.tif,Turkiye_Denizli_S2_2023-03-20_2023-03-20_08_59_56_RGB_BuiltUpMain.tif,2023-03-26 04:07:34,2023-03-20 08:59:56,5.797,DESCENDING,VV+VH,S1A_IW_GRDH_1SDV_20230326T040734_20230326T040759_047810_05BE7D_67B2,20230320T084651_20230320T085613_T35SPB
Turkiye,Diyarbakir,Turkiye_Diyarbakir_S1_2023-02-24_2023-02-24_03_18_02_DESCENDING_VVplusVH_BuiltUpMain.tif,Turkiye_Diyarbakir_S2_2023-02-26_2023-02-26_08_19_21_RGB_BuiltUpMain.tif,2023-02-24 03:18:02,2023-02-26 08:19:21,2.2092,DESCENDING,VV+VH,S1A_IW_GRDH_1SDV_20230224T031802_20230224T031827_047372_05AFA5_A511,20230226T080911_20230226T081234_T37SEC
Turkiye,Erzurum,Turkiye_Erzurum_S1_2023-01-24_2023-01-24_03_25_28_DESCENDING_VVplusVH_BuiltUpMain.tif,Turkiye_Erzurum_S2_2023-01-02_2023-01-02_08_18_49_RGB_BuiltUpMain.tif,2023-01-24 03:25:28,2023-01-02 08:18:49,21.7963,DESCENDING,VV+VH,S1A_IW_GRDH_1SDV_20230124T032528_20230124T032553_046920_05A084_EF46,20230102T081239_20230102T081235_T37TFE
Turkiye,Eskisehir,Turkiye_Eskisehir_S1_2023-03-21_2023-03-21_03_58_35_DESCENDING_VVplusVH_BuiltUpMain.tif,Turkiye_Eskisehir_S2_2023-03-20_2023-03-20_08_59_18_RGB_BuiltUpMain.tif,2023-03-21 03:58:35,2023-03-20 08:59:18,0.7912,DESCENDING,VV+VH,S1A_IW_GRDH_1SDV_20230321T035835_20230321T035900_047737_05BC08_4DD6,20230320T084651_20230320T085613_T36SUJ
Turkiye,Gaziantep,Turkiye_Gaziantep_S1_2023-01-05_2023-01-05_03_34_54_DESCENDING_VVplusVH_BuiltUpMain.tif,Turkiye_Gaziantep_S2_2023-01-05_2023-01-05_08_29_53_RGB_BuiltUpMain.tif,2023-01-05 03:34:54,2023-01-05 08:29:53,0.2048,DESCENDING,VV+VH,S1A_IW_GRDH_1SDV_20230105T033454_20230105T033519_046643_05972C_89C0,20230105T082239_20230105T082246_T37SCA
Turkiye,Hatay,Turkiye_Hatay_S1_2023-02-10_2023-02-10_03_34_52_DESCENDING_VVplusVH_BuiltUpMain.tif,Turkiye_Hatay_S2_2023-02-09_2023-02-09_08_29_58_RGB_BuiltUpMain.tif,2023-02-10 03:34:52,2023-02-09 08:29:58,0.7951,DESCENDING,VV+VH,S1A_IW_GRDH_1SDV_20230210T033452_20230210T033517_047168_05A8CD_4E0E,20230209T082111_20230209T082246_T37SBA
Turkiye,Istanbul,Turkiye_Istanbul_S1_2023-01-06_2023-01-06_04_14_53_DESCENDING_VVplusVH_BuiltUpMain.tif,Turkiye_Istanbul_S2_2023-01-09_2023-01-09_08_58_57_RGB_BuiltUpMain.tif,2023-01-06 04:14:53,2023-01-09 08:58:57,3.1973,DESCENDING,VV+VH,S1A_IW_GRDH_1SDV_20230106T041453_20230106T041518_046658_0597A2_B268,20230109T085331_20230109T085732_T35TPF
Turkiye,Kayseri,Turkiye_Kayseri_S1_2023-01-22_2023-01-22_03_42_23_DESCENDING_VVplusVH_BuiltUpMain.tif,Turkiye_Kayseri_S2_2023-01-20_2023-01-20_08_29_26_RGB_BuiltUpMain.tif,2023-01-22 03:42:23,2023-01-20 08:29:26,1.8007,DESCENDING,VV+VH,S1A_IW_GRDH_1SDV_20230122T034223_20230122T034248_046891_059F84_8018,20230120T082241_20230120T082244_T36SYH
Turkiye,Kocaeli,Turkiye_Kocaeli_S1_2023-03-14_2023-03-14_04_06_44_DESCENDING_VVplusVH_BuiltUpMain.tif,Turkiye_Kocaeli_S2_2023-01-09_2023-01-09_08_58_54_RGB_BuiltUpMain.tif,2023-03-14 04:06:44,2023-01-09 08:58:54,63.7971,DESCENDING,VV+VH,S1A_IW_GRDH_1SDV_20230314T040644_20230314T040709_047635_05B898_7782,20230109T085331_20230109T085732_T35TQF;20230109T085331_20230109T085732_T36TTL
Turkiye,Konya,Turkiye_Konya_S1_2023-01-20_2023-01-20_03_59_01_DESCENDING_VVplusVH_BuiltUpMain.tif,Turkiye_Konya_S2_2023-01-21_2023-01-21_08_49_32_RGB_BuiltUpMain.tif,2023-01-20 03:59:01,2023-01-21 08:49:32,1.2017,DESCENDING,VV+VH,S1A_IW_GRDH_1SDV_20230120T035901_20230120T035926_046862_059E7E_5340,20230121T084159_20230121T084309_T36SVH
Turkiye,Malatya,Turkiye_Malatya_S1_2023-02-10_2023-02-10_03_34_27_DESCENDING_VVplusVH_BuiltUpMain.tif,Turkiye_Malatya_S2_2023-01-10_2023-01-10_08_29_21_RGB_BuiltUpMain.tif,2023-02-10 03:34:27,2023-01-10 08:29:21,30.7952,DESCENDING,VV+VH,S1A_IW_GRDH_1SDV_20230210T033427_20230210T033452_047168_05A8CD_5809,20230110T082321_20230110T082758_T37SDC
Turkiye,Manisa,Turkiye_Manisa_S1_2023-02-18_2023-02-18_04_07_09_DESCENDING_VVplusVH_BuiltUpMain.tif,Turkiye_Manisa_S2_2023-02-16_2023-02-16_09_09_40_RGB_BuiltUpMain.tif,2023-02-18 04:07:09,2023-02-16 09:09:40,1.7899,DESCENDING,VV+VH,S1A_IW_GRDH_1SDV_20230218T040709_20230218T040734_047285_05ACC0_0E38,20230216T085939_20230216T090814_T35SNC
Turkiye,Mardin,Turkiye_Mardin_S1_2023-02-12_2023-02-12_03_18_03_DESCENDING_VVplusVH_BuiltUpMain.tif,Turkiye_Mardin_S2_2023-02-11_2023-02-11_08_19_32_RGB_BuiltUpMain.tif,2023-02-12 03:18:03,2023-02-11 08:19:32,0.7906,DESCENDING,VV+VH,S1A_IW_GRDH_1SDV_20230212T031803_20230212T031828_047197_05A9B3_04C3,20230211T081009_20230211T081235_T37SFB
Turkiye,Mersin,Turkiye_Mersin_S1_2023-01-22_2023-01-22_03_43_13_DESCENDING_VVplusVH_CentFallback.tif,Turkiye_Mersin_S2_2022-12-04_2022-12-04_08_40_04_RGB_CentFallback.tif,2023-01-22 03:43:13,2022-12-04 08:40:04,48.7939,DESCENDING,VV+VH,S1A_IW_GRDH_1SDV_20230122T034313_20230122T034338_046891_059F84_4162,20221204T083331_20221204T083327_T36SWF
Turkiye,Mugla,Turkiye_Mugla_S1_2023-03-19_2023-03-19_04_15_41_DESCENDING_VVplusVH_BuiltUpMain.tif,Turkiye_Mugla_S2_2023-03-25_2023-03-25_09_00_14_RGB_BuiltUpMain.tif,2023-03-19 04:15:41,2023-03-25 09:00:14,6.1976,DESCENDING,VV+VH,S1A_IW_GRDH_1SDV_20230319T041541_20230319T041606_047708_05BB15_4BA4,20230325T084619_20230325T084915_T35SNA;20230325T084619_20230325T084915_T35SPA
Turkiye,Ordu,Turkiye_Ordu_S1_2023-01-10_2023-01-10_03_41_58_DESCENDING_VVplusVH_BuiltUpMain.tif,Turkiye_Ordu_S2_2023-01-10_2023-01-10_08_28_42_RGB_BuiltUpMain.tif,2023-01-10 03:41:58,2023-01-10 08:28:42,0.1991,DESCENDING,VV+VH,S1A_IW_GRDH_1SDV_20230110T034158_20230110T034223_046716_05999C_88C9,20230110T082321_20230110T082758_T37TCF
Turkiye,Sakarya,Turkiye_Sakarya_S1_2023-03-14_2023-03-14_04_06_44_DESCENDING_VVplusVH_BuiltUpMain.tif,Turkiye_Sakarya_S2_2023-03-15_2023-03-15_08_59_00_RGB_BuiltUpMain.tif,2023-03-14 04:06:44,2023-03-15 08:59:00,1.203,DESCENDING,VV+VH,S1A_IW_GRDH_1SDV_20230314T040644_20230314T040709_047635_05B898_7782,20230315T084719_20230315T085406_T36TTL
Turkiye,Sanliurfa,Turkiye_Sanliurfa_S1_2022-12-19_2022-12-19_03_26_20_DESCENDING_VVplusVH_BuiltUpMain.tif,Turkiye_Sanliurfa_S2_2022-12-18_2022-12-18_08_19_40_RGB_BuiltUpMain.tif,2022-12-19 03:26:20,2022-12-18 08:19:40,0.7963,DESCENDING,VV+VH,S1A_IW_GRDH_1SDV_20221219T032620_20221219T032645_046395_058ECD_8732,20221218T081341_20221218T081339_T37SDB
Turkiye,Tekirdag,Turkiye_Tekirdag_S1_2023-01-30_2023-01-30_04_14_52_DESCENDING_VVplusVH_BuiltUpMain.tif,Turkiye_Tekirdag_S2_2023-02-16_2023-02-16_09_08_57_RGB_BuiltUpMain.tif,2023-01-30 04:14:52,2023-02-16 09:08:57,17.2042,DESCENDING,VV+VH,S1A_IW_GRDH_1SDV_20230130T041452_20230130T041517_047008_05A375_23C7,20230216T085939_20230216T090814_T35TNF
Turkiye,Trabzon,Turkiye_Trabzon_S1_2023-01-24_2023-01-24_03_25_28_DESCENDING_VVplusVH_BuiltUpMain.tif,Turkiye_Trabzon_S2_2023-01-22_2023-01-22_08_18_37_RGB_BuiltUpMain.tif,2023-01-24 03:25:28,2023-01-22 08:18:37,1.7964,DESCENDING,VV+VH,S1A_IW_GRDH_1SDV_20230124T032528_20230124T032553_046920_05A084_EF46,20230122T081139_20230122T081235_T37TEF
